Actual Crime Type,Predicted Crime Type,Count
ARSON,ARSON,2
BOAT - STOLEN,ARSON,1
INDECENT EXPOSURE,ARSON,1
PURSE SNATCHING,ARSON,1
RESISTING ARREST,ARSON,1
SEXUAL PENETRATION W/FOREIGN OBJECT,ARSON,1
SHOPLIFTING-GRAND THEFT ($950.01 & OVER),ARSON,1
SHOTS FIRED AT INHABITED DWELLING,ARSON,2
ASSAULT WITH DEADLY WEAPON ON POLICE OFFICER,"ASSAULT WITH DEADLY WEAPON, AGGRAVATED ASSAULT",4
"ASSAULT WITH DEADLY WEAPON, AGGRAVATED ASSAULT","ASSAULT WITH DEADLY WEAPON, AGGRAVATED ASSAULT",395
ATTEMPTED ROBBERY,"ASSAULT WITH DEADLY WEAPON, AGGRAVATED ASSAULT",23
"BUNCO, GRAND THEFT","ASSAULT WITH DEADLY WEAPON, AGGRAVATED ASSAULT",10
"BUNCO, PETTY THEFT","ASSAULT WITH DEADLY WEAPON, AGGRAVATED ASSAULT",6
"BURGLARY FROM VEHICLE, ATTEMPTED","ASSAULT WITH DEADLY WEAPON, AGGRAVATED ASSAULT",4
EXTORTION,"ASSAULT WITH DEADLY WEAPON, AGGRAVATED ASSAULT",68
LYNCHING - ATTEMPTED,"ASSAULT WITH DEADLY WEAPON, AGGRAVATED ASSAULT",1
PANDERING,"ASSAULT WITH DEADLY WEAPON, AGGRAVATED ASSAULT",144
"RAPE, FORCIBLE","ASSAULT WITH DEADLY WEAPON, AGGRAVATED ASSAULT",11
RECKLESS DRIVING,"ASSAULT WITH DEADLY WEAPON, AGGRAVATED ASSAULT",5
"SEX,UNLAWFUL(INC MUTUAL CONSENT, PENETRATION W/ FRGN OBJ","ASSAULT WITH DEADLY WEAPON, AGGRAVATED ASSAULT",1
SODOMY/SEXUAL CONTACT B/W PENIS OF ONE PERS TO ANUS OTH,"ASSAULT WITH DEADLY WEAPON, AGGRAVATED ASSAULT",9
STALKING,"ASSAULT WITH DEADLY WEAPON, AGGRAVATED ASSAULT",3
ARSON,BATTERY - SIMPLE ASSAULT,1
"ASSAULT WITH DEADLY WEAPON, AGGRAVATED ASSAULT",BATTERY - SIMPLE ASSAULT,1
BATTERY - SIMPLE ASSAULT,BATTERY - SIMPLE ASSAULT,610
BATTERY ON A FIREFIGHTER,BATTERY - SIMPLE ASSAULT,2
BATTERY POLICE (SIMPLE),BATTERY - SIMPLE ASSAULT,14
BATTERY WITH SEXUAL CONTACT,BATTERY - SIMPLE ASSAULT,14
BIKE - STOLEN,BATTERY - SIMPLE ASSAULT,3
BRANDISH WEAPON,BATTERY - SIMPLE ASSAULT,5
"BUNCO, ATTEMPT",BATTERY - SIMPLE ASSAULT,2
"BURGLARY, ATTEMPTED",BATTERY - SIMPLE ASSAULT,7
CHILD ABUSE (PHYSICAL) - AGGRAVATED ASSAULT,BATTERY - SIMPLE ASSAULT,2
"CREDIT CARDS, FRAUD USE ($950.01 & OVER)",BATTERY - SIMPLE ASSAULT,3
CRIMINAL HOMICIDE,BATTERY - SIMPLE ASSAULT,3
"DEFRAUDING INNKEEPER/THEFT OF SERVICES, $950 & UNDER",BATTERY - SIMPLE ASSAULT,1
"DEFRAUDING INNKEEPER/THEFT OF SERVICES, OVER $950.01",BATTERY - SIMPLE ASSAULT,1
DISCHARGE FIREARMS/SHOTS FIRED,BATTERY - SIMPLE ASSAULT,4
DISTURBING THE PEACE,BATTERY - SIMPLE ASSAULT,1
DOCUMENT WORTHLESS ($200 & UNDER),BATTERY - SIMPLE ASSAULT,1
DRUNK ROLL,BATTERY - SIMPLE ASSAULT,1
FAILURE TO YIELD,BATTERY - SIMPLE ASSAULT,203
FALSE IMPRISONMENT,BATTERY - SIMPLE ASSAULT,4
INTIMATE PARTNER - AGGRAVATED ASSAULT,BATTERY - SIMPLE ASSAULT,40
LEWD/LASCIVIOUS ACTS WITH CHILD,BATTERY - SIMPLE ASSAULT,1
OTHER MISCELLANEOUS CRIME,BATTERY - SIMPLE ASSAULT,3
PICKPOCKET,BATTERY - SIMPLE ASSAULT,1
ROBBERY,BATTERY - SIMPLE ASSAULT,1
THEFT FROM MOTOR VEHICLE - GRAND ($950.01 AND OVER),BATTERY - SIMPLE ASSAULT,8
THEFT FROM MOTOR VEHICLE - PETTY ($950 & UNDER),BATTERY - SIMPLE ASSAULT,2
THEFT FROM PERSON - ATTEMPT,BATTERY - SIMPLE ASSAULT,2
THEFT OF IDENTITY,BATTERY - SIMPLE ASSAULT,56
THEFT PLAIN - ATTEMPT,BATTERY - SIMPLE ASSAULT,15
BATTERY - SIMPLE ASSAULT,BATTERY POLICE (SIMPLE),1
BATTERY POLICE (SIMPLE),BATTERY POLICE (SIMPLE),4
OTHER MISCELLANEOUS CRIME,BATTERY POLICE (SIMPLE),3
THEFT OF IDENTITY,BATTERY POLICE (SIMPLE),6
THEFT PLAIN - ATTEMPT,BATTERY POLICE (SIMPLE),1
BATTERY WITH SEXUAL CONTACT,BATTERY WITH SEXUAL CONTACT,4
FALSE IMPRISONMENT,BATTERY WITH SEXUAL CONTACT,1
INTIMATE PARTNER - SIMPLE ASSAULT,BATTERY WITH SEXUAL CONTACT,1
THREATENING PHONE CALLS/LETTERS,BATTERY WITH SEXUAL CONTACT,1
THROWING OBJECT AT MOVING VEHICLE,BATTERY WITH SEXUAL CONTACT,1
BIKE - ATTEMPTED STOLEN,BIKE - ATTEMPTED STOLEN,1
"THEFT-GRAND ($950.01 & OVER)EXCPT,GUNS,FOWL,LIVESTK,PROD",BIKE - ATTEMPTED STOLEN,1
THEFT PLAIN - ATTEMPT,BIKE - STOLEN,1
BOAT - STOLEN,BOAT - STOLEN,88
INDECENT EXPOSURE,BOAT - STOLEN,1
PIMPING,BOAT - STOLEN,5
PURSE SNATCHING,BOAT - STOLEN,1
RESISTING ARREST,BOAT - STOLEN,2
THEFT PLAIN - PETTY ($950 & UNDER),BOAT - STOLEN,1
BRANDISH WEAPON,BRANDISH WEAPON,6
"BUNCO, ATTEMPT",BRANDISH WEAPON,1
DISCHARGE FIREARMS/SHOTS FIRED,BRANDISH WEAPON,1
CONTRIBUTING,"BUNCO, ATTEMPT",1
ASSAULT WITH DEADLY WEAPON ON POLICE OFFICER,"BUNCO, GRAND THEFT",1
"ASSAULT WITH DEADLY WEAPON, AGGRAVATED ASSAULT","BUNCO, GRAND THEFT",54
"BUNCO, GRAND THEFT","BUNCO, GRAND THEFT",464
"BUNCO, PETTY THEFT","BUNCO, GRAND THEFT",96
BURGLARY FROM VEHICLE,"BUNCO, GRAND THEFT",24
EXTORTION,"BUNCO, GRAND THEFT",7
"LETTERS, LEWD  -  TELEPHONE CALLS, LEWD","BUNCO, GRAND THEFT",7
PANDERING,"BUNCO, GRAND THEFT",22
"RAPE, ATTEMPTED","BUNCO, GRAND THEFT",20
"SEX,UNLAWFUL(INC MUTUAL CONSENT, PENETRATION W/ FRGN OBJ","BUNCO, GRAND THEFT",51
SEXUAL PENETRATION W/FOREIGN OBJECT,"BUNCO, GRAND THEFT",2
SHOPLIFTING-GRAND THEFT ($950.01 & OVER),"BUNCO, GRAND THEFT",1
SODOMY/SEXUAL CONTACT B/W PENIS OF ONE PERS TO ANUS OTH,"BUNCO, GRAND THEFT",6
STALKING,"BUNCO, GRAND THEFT",129
"ASSAULT WITH DEADLY WEAPON, AGGRAVATED ASSAULT","BUNCO, PETTY THEFT",45
ATTEMPTED ROBBERY,"BUNCO, PETTY THEFT",2
"BUNCO, GRAND THEFT","BUNCO, PETTY THEFT",111
"BUNCO, PETTY THEFT","BUNCO, PETTY THEFT",541
BURGLARY,"BUNCO, PETTY THEFT",3
BURGLARY FROM VEHICLE,"BUNCO, PETTY THEFT",4
"BURGLARY FROM VEHICLE, ATTEMPTED","BUNCO, PETTY THEFT",1
DISRUPT SCHOOL,"BUNCO, PETTY THEFT",1
EXTORTION,"BUNCO, PETTY THEFT",3
"LETTERS, LEWD  -  TELEPHONE CALLS, LEWD","BUNCO, PETTY THEFT",13
LYNCHING - ATTEMPTED,"BUNCO, PETTY THEFT",1
PANDERING,"BUNCO, PETTY THEFT",9
"RAPE, ATTEMPTED","BUNCO, PETTY THEFT",17
RECKLESS DRIVING,"BUNCO, PETTY THEFT",1
"SEX,UNLAWFUL(INC MUTUAL CONSENT, PENETRATION W/ FRGN OBJ","BUNCO, PETTY THEFT",190
SEXUAL PENETRATION W/FOREIGN OBJECT,"BUNCO, PETTY THEFT",24
SHOTS FIRED AT INHABITED DWELLING,"BUNCO, PETTY THEFT",6
SODOMY/SEXUAL CONTACT B/W PENIS OF ONE PERS TO ANUS OTH,"BUNCO, PETTY THEFT",16
STALKING,"BUNCO, PETTY THEFT",143
"BURGLARY FROM VEHICLE, ATTEMPTED","BURGLARY FROM VEHICLE, ATTEMPTED",1
BATTERY - SIMPLE ASSAULT,"BURGLARY, ATTEMPTED",2
BATTERY WITH SEXUAL CONTACT,"BURGLARY, ATTEMPTED",1
"BURGLARY, ATTEMPTED","BURGLARY, ATTEMPTED",4
CHILD ABUSE (PHYSICAL) - AGGRAVATED ASSAULT,"BURGLARY, ATTEMPTED",1
CRIMINAL HOMICIDE,"BURGLARY, ATTEMPTED",1
FAILURE TO YIELD,"BURGLARY, ATTEMPTED",1
FALSE POLICE REPORT,"BURGLARY, ATTEMPTED",1
THEFT FROM MOTOR VEHICLE - PETTY ($950 & UNDER),"BURGLARY, ATTEMPTED",1
THEFT OF IDENTITY,"BURGLARY, ATTEMPTED",1
THREATENING PHONE CALLS/LETTERS,"BURGLARY, ATTEMPTED",1
CHILD ABUSE (PHYSICAL) - AGGRAVATED ASSAULT,CHILD ABUSE (PHYSICAL) - AGGRAVATED ASSAULT,3
CHILD NEGLECT (SEE 300 W.I.C.),CHILD ABUSE (PHYSICAL) - AGGRAVATED ASSAULT,1
DRUNK ROLL,CHILD ABUSE (PHYSICAL) - AGGRAVATED ASSAULT,1
KIDNAPPING - GRAND ATTEMPT,CHILD ABUSE (PHYSICAL) - AGGRAVATED ASSAULT,1
CHILD ABUSE (PHYSICAL) - SIMPLE ASSAULT,CHILD ABUSE (PHYSICAL) - SIMPLE ASSAULT,1
CHILD STEALING,CHILD STEALING,1
THREATENING PHONE CALLS/LETTERS,CHILD STEALING,1
THROWING OBJECT AT MOVING VEHICLE,CHILD STEALING,2
"CREDIT CARDS, FRAUD USE ($950 & UNDER","CREDIT CARDS, FRAUD USE ($950 & UNDER",12
CHILD STEALING,"CREDIT CARDS, FRAUD USE ($950.01 & OVER)",1
"CREDIT CARDS, FRAUD USE ($950.01 & OVER)","CREDIT CARDS, FRAUD USE ($950.01 & OVER)",123
CRUELTY TO ANIMALS,"CREDIT CARDS, FRAUD USE ($950.01 & OVER)",2
"DEFRAUDING INNKEEPER/THEFT OF SERVICES, OVER $950.01","CREDIT CARDS, FRAUD USE ($950.01 & OVER)",1
DOCUMENT WORTHLESS ($200 & UNDER),"CREDIT CARDS, FRAUD USE ($950.01 & OVER)",4
FALSE IMPRISONMENT,"CREDIT CARDS, FRAUD USE ($950.01 & OVER)",1
FALSE POLICE REPORT,"CREDIT CARDS, FRAUD USE ($950.01 & OVER)",1
INTIMATE PARTNER - SIMPLE ASSAULT,"CREDIT CARDS, FRAUD USE ($950.01 & OVER)",8
KIDNAPPING - GRAND ATTEMPT,"CREDIT CARDS, FRAUD USE ($950.01 & OVER)",1
THEFT FROM MOTOR VEHICLE - ATTEMPT,"CREDIT CARDS, FRAUD USE ($950.01 & OVER)",2
THREATENING PHONE CALLS/LETTERS,"CREDIT CARDS, FRAUD USE ($950.01 & OVER)",5
THROWING OBJECT AT MOVING VEHICLE,"CREDIT CARDS, FRAUD USE ($950.01 & OVER)",2
CRIMINAL HOMICIDE,CRIMINAL HOMICIDE,7
PANDERING,CRIMINAL HOMICIDE,1
PICKPOCKET,CRIMINAL HOMICIDE,1
"DEFRAUDING INNKEEPER/THEFT OF SERVICES, $950 & UNDER","DEFRAUDING INNKEEPER/THEFT OF SERVICES, $950 & UNDER",12
FALSE IMPRISONMENT,"DEFRAUDING INNKEEPER/THEFT OF SERVICES, $950 & UNDER",1
THEFT OF IDENTITY,"DEFRAUDING INNKEEPER/THEFT OF SERVICES, $950 & UNDER",3
THEFT PLAIN - ATTEMPT,"DEFRAUDING INNKEEPER/THEFT OF SERVICES, $950 & UNDER",1
DISHONEST EMPLOYEE - PETTY THEFT,DISHONEST EMPLOYEE - PETTY THEFT,1
DISTURBING THE PEACE,DISTURBING THE PEACE,26
SHOPLIFTING - PETTY THEFT ($950 & UNDER),DISTURBING THE PEACE,1
THEFT OF IDENTITY,DISTURBING THE PEACE,1
THEFT PLAIN - ATTEMPT,DISTURBING THE PEACE,1
DOCUMENT WORTHLESS ($200.01 & OVER),DOCUMENT WORTHLESS ($200.01 & OVER),3
INTIMATE PARTNER - SIMPLE ASSAULT,DOCUMENT WORTHLESS ($200.01 & OVER),1
"DRUGS, TO A MINOR","DRUGS, TO A MINOR",1
DRUNK ROLL,DRUNK ROLL,1
"EMBEZZLEMENT, GRAND THEFT ($950.01 & OVER)",DRUNK ROLL,1
THEFT PLAIN - PETTY ($950 & UNDER),"EMBEZZLEMENT, GRAND THEFT ($950.01 & OVER)",1
"ASSAULT WITH DEADLY WEAPON, AGGRAVATED ASSAULT",EXTORTION,19
ATTEMPTED ROBBERY,EXTORTION,1
"BUNCO, GRAND THEFT",EXTORTION,5
BURGLARY FROM VEHICLE,EXTORTION,1
"BURGLARY FROM VEHICLE, ATTEMPTED",EXTORTION,1
EXTORTION,EXTORTION,36
PANDERING,EXTORTION,3
SHOTS FIRED AT INHABITED DWELLING,EXTORTION,1
SODOMY/SEXUAL CONTACT B/W PENIS OF ONE PERS TO ANUS OTH,EXTORTION,4
STALKING,EXTORTION,1
BATTERY - SIMPLE ASSAULT,FAILURE TO YIELD,135
BATTERY POLICE (SIMPLE),FAILURE TO YIELD,5
BATTERY WITH SEXUAL CONTACT,FAILURE TO YIELD,9
BRANDISH WEAPON,FAILURE TO YIELD,2
"BURGLARY, ATTEMPTED",FAILURE TO YIELD,11
CHILD ABUSE (PHYSICAL) - AGGRAVATED ASSAULT,FAILURE TO YIELD,2
CHILD ABUSE (PHYSICAL) - SIMPLE ASSAULT,FAILURE TO YIELD,1
CHILD STEALING,FAILURE TO YIELD,1
"CREDIT CARDS, FRAUD USE ($950.01 & OVER)",FAILURE TO YIELD,1
"DEFRAUDING INNKEEPER/THEFT OF SERVICES, OVER $950.01",FAILURE TO YIELD,1
DRIVING WITHOUT OWNER CONSENT (DWOC),FAILURE TO YIELD,3
"EMBEZZLEMENT, PETTY THEFT ($950 & UNDER)",FAILURE TO YIELD,1
FAILURE TO YIELD,FAILURE TO YIELD,237
FALSE IMPRISONMENT,FAILURE TO YIELD,2
HUMAN TRAFFICKING - COMMERCIAL SEX ACTS,FAILURE TO YIELD,3
INTIMATE PARTNER - AGGRAVATED ASSAULT,FAILURE TO YIELD,4
INTIMATE PARTNER - SIMPLE ASSAULT,FAILURE TO YIELD,1
OTHER MISCELLANEOUS CRIME,FAILURE TO YIELD,1
PICKPOCKET,FAILURE TO YIELD,1
ROBBERY,FAILURE TO YIELD,4
SHOPLIFTING - PETTY THEFT ($950 & UNDER),FAILURE TO YIELD,3
THEFT FROM MOTOR VEHICLE - GRAND ($950.01 AND OVER),FAILURE TO YIELD,2
THEFT FROM MOTOR VEHICLE - PETTY ($950 & UNDER),FAILURE TO YIELD,1
THEFT OF IDENTITY,FAILURE TO YIELD,14
THEFT PLAIN - ATTEMPT,FAILURE TO YIELD,7
FALSE IMPRISONMENT,FALSE IMPRISONMENT,1
FALSE POLICE REPORT,FALSE IMPRISONMENT,1
CONTEMPT OF COURT,GRAND THEFT / INSURANCE FRAUD,1
GRAND THEFT / INSURANCE FRAUD,GRAND THEFT / INSURANCE FRAUD,96
"ASSAULT WITH DEADLY WEAPON, AGGRAVATED ASSAULT",HUMAN TRAFFICKING - INVOLUNTARY SERVITUDE,1
THEFT OF IDENTITY,HUMAN TRAFFICKING - INVOLUNTARY SERVITUDE,1
PIMPING,INDECENT EXPOSURE,1
CHILD PORNOGRAPHY,INTIMATE PARTNER - SIMPLE ASSAULT,1
"CREDIT CARDS, FRAUD USE ($950.01 & OVER)",INTIMATE PARTNER - SIMPLE ASSAULT,1
CRIMINAL THREATS - NO WEAPON DISPLAYED,INTIMATE PARTNER - SIMPLE ASSAULT,1
CRM AGNST CHLD (13 OR UNDER) (14-15 & SUSP 10 YRS OLDER),INTIMATE PARTNER - SIMPLE ASSAULT,4
CRUELTY TO ANIMALS,INTIMATE PARTNER - SIMPLE ASSAULT,2
DOCUMENT WORTHLESS ($200 & UNDER),INTIMATE PARTNER - SIMPLE ASSAULT,1
INTIMATE PARTNER - SIMPLE ASSAULT,INTIMATE PARTNER - SIMPLE ASSAULT,28
"BUNCO, PETTY THEFT","LETTERS, LEWD  -  TELEPHONE CALLS, LEWD",1
"LETTERS, LEWD  -  TELEPHONE CALLS, LEWD","LETTERS, LEWD  -  TELEPHONE CALLS, LEWD",2
SHOTS FIRED AT INHABITED DWELLING,"LETTERS, LEWD  -  TELEPHONE CALLS, LEWD",2
STALKING,"LETTERS, LEWD  -  TELEPHONE CALLS, LEWD",3
"MANSLAUGHTER, NEGLIGENT",ORAL COPULATION,2
ORAL COPULATION,ORAL COPULATION,23
SEXUAL PENETRATION W/FOREIGN OBJECT,OTHER ASSAULT,1
"DRUGS, TO A MINOR",OTHER MISCELLANEOUS CRIME,1
OTHER MISCELLANEOUS CRIME,OTHER MISCELLANEOUS CRIME,3
ASSAULT WITH DEADLY WEAPON ON POLICE OFFICER,PANDERING,2
"ASSAULT WITH DEADLY WEAPON, AGGRAVATED ASSAULT",PANDERING,50
ATTEMPTED ROBBERY,PANDERING,19
"CREDIT CARDS, FRAUD USE ($950 & UNDER",PANDERING,2
EXTORTION,PANDERING,4
"MANSLAUGHTER, NEGLIGENT",PANDERING,1
ORAL COPULATION,PANDERING,12
PANDERING,PANDERING,161
"RAPE, FORCIBLE",PANDERING,1
STALKING,PANDERING,1
"BUNCO, ATTEMPT",PEEPING TOM,1
PEEPING TOM,PEEPING TOM,5
THEFT PLAIN - ATTEMPT,PEEPING TOM,1
THREATENING PHONE CALLS/LETTERS,PEEPING TOM,1
THROWING OBJECT AT MOVING VEHICLE,PEEPING TOM,1
"EMBEZZLEMENT, PETTY THEFT ($950 & UNDER)",PICKPOCKET,1
PICKPOCKET,PICKPOCKET,1
PIMPING,PIMPING,1
ARSON,PURSE SNATCHING,7
BIKE - ATTEMPTED STOLEN,PURSE SNATCHING,7
BOAT - STOLEN,PURSE SNATCHING,2
"BUNCO, GRAND THEFT",PURSE SNATCHING,3
"BUNCO, PETTY THEFT",PURSE SNATCHING,1
BURGLARY,PURSE SNATCHING,1
BURGLARY FROM VEHICLE,PURSE SNATCHING,1
DISHONEST EMPLOYEE - PETTY THEFT,PURSE SNATCHING,1
INDECENT EXPOSURE,PURSE SNATCHING,1
PIMPING,PURSE SNATCHING,1
PROWLER,PURSE SNATCHING,1
PURSE SNATCHING,PURSE SNATCHING,326
"RAPE, ATTEMPTED",PURSE SNATCHING,41
SEX OFFENDER REGISTRANT OUT OF COMPLIANCE,PURSE SNATCHING,1
"SEX,UNLAWFUL(INC MUTUAL CONSENT, PENETRATION W/ FRGN OBJ",PURSE SNATCHING,2
SEXUAL PENETRATION W/FOREIGN OBJECT,PURSE SNATCHING,14
SHOPLIFTING-GRAND THEFT ($950.01 & OVER),PURSE SNATCHING,1
SHOTS FIRED AT INHABITED DWELLING,PURSE SNATCHING,71
STALKING,PURSE SNATCHING,23
THEFT PLAIN - PETTY ($950 & UNDER),PURSE SNATCHING,6
"THEFT, PERSON",PURSE SNATCHING,1
"THEFT-GRAND ($950.01 & OVER)EXCPT,GUNS,FOWL,LIVESTK,PROD",PURSE SNATCHING,2
"BUNCO, GRAND THEFT","RAPE, ATTEMPTED",8
"RAPE, ATTEMPTED","RAPE, ATTEMPTED",1
"ASSAULT WITH DEADLY WEAPON, AGGRAVATED ASSAULT","RAPE, FORCIBLE",5
EXTORTION,"RAPE, FORCIBLE",1
PANDERING,"RAPE, FORCIBLE",2
"RAPE, FORCIBLE","RAPE, FORCIBLE",15
"BUNCO, GRAND THEFT","SEX,UNLAWFUL(INC MUTUAL CONSENT, PENETRATION W/ FRGN OBJ",15
"BUNCO, PETTY THEFT","SEX,UNLAWFUL(INC MUTUAL CONSENT, PENETRATION W/ FRGN OBJ",58
BURGLARY FROM VEHICLE,"SEX,UNLAWFUL(INC MUTUAL CONSENT, PENETRATION W/ FRGN OBJ",1
"LETTERS, LEWD  -  TELEPHONE CALLS, LEWD","SEX,UNLAWFUL(INC MUTUAL CONSENT, PENETRATION W/ FRGN OBJ",1
LYNCHING - ATTEMPTED,"SEX,UNLAWFUL(INC MUTUAL CONSENT, PENETRATION W/ FRGN OBJ",1
"RAPE, ATTEMPTED","SEX,UNLAWFUL(INC MUTUAL CONSENT, PENETRATION W/ FRGN OBJ",1
"SEX,UNLAWFUL(INC MUTUAL CONSENT, PENETRATION W/ FRGN OBJ","SEX,UNLAWFUL(INC MUTUAL CONSENT, PENETRATION W/ FRGN OBJ",85
SEXUAL PENETRATION W/FOREIGN OBJECT,"SEX,UNLAWFUL(INC MUTUAL CONSENT, PENETRATION W/ FRGN OBJ",1
STALKING,"SEX,UNLAWFUL(INC MUTUAL CONSENT, PENETRATION W/ FRGN OBJ",16
SEXUAL PENETRATION W/FOREIGN OBJECT,SEXUAL PENETRATION W/FOREIGN OBJECT,105
STALKING,SEXUAL PENETRATION W/FOREIGN OBJECT,2
CHILD ABUSE (PHYSICAL) - SIMPLE ASSAULT,SHOPLIFTING - PETTY THEFT ($950 & UNDER),2
"DRUGS, TO A MINOR",SHOPLIFTING - PETTY THEFT ($950 & UNDER),2
OTHER ASSAULT,SHOPLIFTING - PETTY THEFT ($950 & UNDER),2
SHOPLIFTING - PETTY THEFT ($950 & UNDER),SHOPLIFTING - PETTY THEFT ($950 & UNDER),623
ARSON,SHOTS FIRED AT INHABITED DWELLING,13
BIKE - ATTEMPTED STOLEN,SHOTS FIRED AT INHABITED DWELLING,82
BOAT - STOLEN,SHOTS FIRED AT INHABITED DWELLING,5
"BUNCO, GRAND THEFT",SHOTS FIRED AT INHABITED DWELLING,2
"BUNCO, PETTY THEFT",SHOTS FIRED AT INHABITED DWELLING,7
BURGLARY,SHOTS FIRED AT INHABITED DWELLING,4
BURGLARY FROM VEHICLE,SHOTS FIRED AT INHABITED DWELLING,1
DISHONEST EMPLOYEE - PETTY THEFT,SHOTS FIRED AT INHABITED DWELLING,2
INDECENT EXPOSURE,SHOTS FIRED AT INHABITED DWELLING,2
"LETTERS, LEWD  -  TELEPHONE CALLS, LEWD",SHOTS FIRED AT INHABITED DWELLING,7
LEWD CONDUCT,SHOTS FIRED AT INHABITED DWELLING,1
PIMPING,SHOTS FIRED AT INHABITED DWELLING,5
PROWLER,SHOTS FIRED AT INHABITED DWELLING,1
PURSE SNATCHING,SHOTS FIRED AT INHABITED DWELLING,56
RESISTING ARREST,SHOTS FIRED AT INHABITED DWELLING,2
SEX OFFENDER REGISTRANT OUT OF COMPLIANCE,SHOTS FIRED AT INHABITED DWELLING,8
SEXUAL PENETRATION W/FOREIGN OBJECT,SHOTS FIRED AT INHABITED DWELLING,122
SHOPLIFTING - ATTEMPT,SHOTS FIRED AT INHABITED DWELLING,2
SHOPLIFTING-GRAND THEFT ($950.01 & OVER),SHOTS FIRED AT INHABITED DWELLING,3
SHOTS FIRED AT INHABITED DWELLING,SHOTS FIRED AT INHABITED DWELLING,452
"SHOTS FIRED AT MOVING VEHICLE, TRAIN OR AIRCRAFT",SHOTS FIRED AT INHABITED DWELLING,1
SODOMY/SEXUAL CONTACT B/W PENIS OF ONE PERS TO ANUS OTH,SHOTS FIRED AT INHABITED DWELLING,1
STALKING,SHOTS FIRED AT INHABITED DWELLING,18
THEFT PLAIN - PETTY ($950 & UNDER),SHOTS FIRED AT INHABITED DWELLING,23
"THEFT, PERSON",SHOTS FIRED AT INHABITED DWELLING,4
"THEFT-GRAND ($950.01 & OVER)EXCPT,GUNS,FOWL,LIVESTK,PROD",SHOTS FIRED AT INHABITED DWELLING,5
SEXUAL PENETRATION W/FOREIGN OBJECT,SODOMY/SEXUAL CONTACT B/W PENIS OF ONE PERS TO ANUS OTH,1
SHOTS FIRED AT INHABITED DWELLING,SODOMY/SEXUAL CONTACT B/W PENIS OF ONE PERS TO ANUS OTH,7
SODOMY/SEXUAL CONTACT B/W PENIS OF ONE PERS TO ANUS OTH,SODOMY/SEXUAL CONTACT B/W PENIS OF ONE PERS TO ANUS OTH,4
"BUNCO, GRAND THEFT",STALKING,10
"BUNCO, PETTY THEFT",STALKING,16
DISHONEST EMPLOYEE - PETTY THEFT,STALKING,1
"LETTERS, LEWD  -  TELEPHONE CALLS, LEWD",STALKING,1
"RAPE, ATTEMPTED",STALKING,1
"SEX,UNLAWFUL(INC MUTUAL CONSENT, PENETRATION W/ FRGN OBJ",STALKING,5
SODOMY/SEXUAL CONTACT B/W PENIS OF ONE PERS TO ANUS OTH,STALKING,1
STALKING,STALKING,31
BIKE - STOLEN,THEFT FROM MOTOR VEHICLE - PETTY ($950 & UNDER),1
CHILD NEGLECT (SEE 300 W.I.C.),THEFT FROM MOTOR VEHICLE - PETTY ($950 & UNDER),1
CHILD STEALING,THEFT FROM MOTOR VEHICLE - PETTY ($950 & UNDER),1
"DEFRAUDING INNKEEPER/THEFT OF SERVICES, OVER $950.01",THEFT FROM MOTOR VEHICLE - PETTY ($950 & UNDER),1
DOCUMENT WORTHLESS ($200 & UNDER),THEFT FROM MOTOR VEHICLE - PETTY ($950 & UNDER),8
INTIMATE PARTNER - SIMPLE ASSAULT,THEFT FROM MOTOR VEHICLE - PETTY ($950 & UNDER),17
LYNCHING,THEFT FROM MOTOR VEHICLE - PETTY ($950 & UNDER),4
PEEPING TOM,THEFT FROM MOTOR VEHICLE - PETTY ($950 & UNDER),2
THEFT FROM MOTOR VEHICLE - PETTY ($950 & UNDER),THEFT FROM MOTOR VEHICLE - PETTY ($950 & UNDER),75
THEFT OF IDENTITY,THEFT FROM MOTOR VEHICLE - PETTY ($950 & UNDER),11
THEFT PLAIN - ATTEMPT,THEFT FROM MOTOR VEHICLE - PETTY ($950 & UNDER),6
THREATENING PHONE CALLS/LETTERS,THEFT FROM MOTOR VEHICLE - PETTY ($950 & UNDER),6
THROWING OBJECT AT MOVING VEHICLE,THEFT FROM MOTOR VEHICLE - PETTY ($950 & UNDER),5
BATTERY - SIMPLE ASSAULT,THEFT OF IDENTITY,1
BATTERY POLICE (SIMPLE),THEFT OF IDENTITY,3
BOMB SCARE,THEFT OF IDENTITY,2
BRANDISH WEAPON,THEFT OF IDENTITY,39
"BUNCO, ATTEMPT",THEFT OF IDENTITY,10
"BURGLARY, ATTEMPTED",THEFT OF IDENTITY,1
CHILD ABUSE (PHYSICAL) - AGGRAVATED ASSAULT,THEFT OF IDENTITY,4
CHILD ANNOYING (17YRS & UNDER),THEFT OF IDENTITY,1
CHILD STEALING,THEFT OF IDENTITY,5
COUNTERFEIT,THEFT OF IDENTITY,1
CRIMINAL THREATS - NO WEAPON DISPLAYED,THEFT OF IDENTITY,2
CRUELTY TO ANIMALS,THEFT OF IDENTITY,1
"DEFRAUDING INNKEEPER/THEFT OF SERVICES, OVER $950.01",THEFT OF IDENTITY,9
DISCHARGE FIREARMS/SHOTS FIRED,THEFT OF IDENTITY,32
DISHONEST EMPLOYEE - GRAND THEFT,THEFT OF IDENTITY,1
DISTURBING THE PEACE,THEFT OF IDENTITY,15
DOCUMENT FORGERY / STOLEN FELONY,THEFT OF IDENTITY,3
DOCUMENT WORTHLESS ($200.01 & OVER),THEFT OF IDENTITY,11
"DRUGS, TO A MINOR",THEFT OF IDENTITY,1
DRUNK ROLL,THEFT OF IDENTITY,4
"EMBEZZLEMENT, PETTY THEFT ($950 & UNDER)",THEFT OF IDENTITY,7
HUMAN TRAFFICKING - COMMERCIAL SEX ACTS,THEFT OF IDENTITY,4
INTIMATE PARTNER - AGGRAVATED ASSAULT,THEFT OF IDENTITY,1
INTIMATE PARTNER - SIMPLE ASSAULT,THEFT OF IDENTITY,14
KIDNAPPING,THEFT OF IDENTITY,3
LEWD/LASCIVIOUS ACTS WITH CHILD,THEFT OF IDENTITY,3
LYNCHING,THEFT OF IDENTITY,1
OTHER ASSAULT,THEFT OF IDENTITY,1
PEEPING TOM,THEFT OF IDENTITY,2
PICKPOCKET,THEFT OF IDENTITY,2
ROBBERY,THEFT OF IDENTITY,1
SHOPLIFTING - PETTY THEFT ($950 & UNDER),THEFT OF IDENTITY,2
THEFT FROM MOTOR VEHICLE - GRAND ($950.01 AND OVER),THEFT OF IDENTITY,2
THEFT FROM MOTOR VEHICLE - PETTY ($950 & UNDER),THEFT OF IDENTITY,84
THEFT FROM PERSON - ATTEMPT,THEFT OF IDENTITY,5
THEFT OF IDENTITY,THEFT OF IDENTITY,530
THEFT PLAIN - ATTEMPT,THEFT OF IDENTITY,186
THREATENING PHONE CALLS/LETTERS,THEFT OF IDENTITY,8
THROWING OBJECT AT MOVING VEHICLE,THEFT OF IDENTITY,33
TILL TAP - GRAND THEFT ($950.01 & OVER),THEFT OF IDENTITY,4
DISCHARGE FIREARMS/SHOTS FIRED,THEFT PLAIN - ATTEMPT,1
DOCUMENT WORTHLESS ($200 & UNDER),THEFT PLAIN - ATTEMPT,1
KIDNAPPING - GRAND ATTEMPT,THEFT PLAIN - ATTEMPT,1
THEFT OF IDENTITY,THEFT PLAIN - ATTEMPT,2
THEFT PLAIN - ATTEMPT,THEFT PLAIN - ATTEMPT,7
THREATENING PHONE CALLS/LETTERS,THEFT PLAIN - ATTEMPT,1
THROWING OBJECT AT MOVING VEHICLE,THEFT PLAIN - ATTEMPT,2
ARSON,THEFT PLAIN - PETTY ($950 & UNDER),1
BOAT - STOLEN,THEFT PLAIN - PETTY ($950 & UNDER),1
DISHONEST EMPLOYEE - PETTY THEFT,THEFT PLAIN - PETTY ($950 & UNDER),1
SEXUAL PENETRATION W/FOREIGN OBJECT,THEFT PLAIN - PETTY ($950 & UNDER),1
SHOTS FIRED AT INHABITED DWELLING,THEFT PLAIN - PETTY ($950 & UNDER),3
"THEFT, PERSON",THEFT PLAIN - PETTY ($950 & UNDER),1
ARSON,"THEFT, PERSON",1
BOAT - STOLEN,"THEFT, PERSON",1
DOCUMENT WORTHLESS ($200.01 & OVER),"THEFT, PERSON",1
SEXUAL PENETRATION W/FOREIGN OBJECT,"THEFT, PERSON",114
SHOTS FIRED AT INHABITED DWELLING,"THEFT, PERSON",2
"THEFT, PERSON","THEFT, PERSON",1097
"THEFT-GRAND ($950.01 & OVER)EXCPT,GUNS,FOWL,LIVESTK,PROD","THEFT, PERSON",26
THEFT PLAIN - PETTY ($950 & UNDER),"THEFT-GRAND ($950.01 & OVER)EXCPT,GUNS,FOWL,LIVESTK,PROD",1
CHILD STEALING,THREATENING PHONE CALLS/LETTERS,1
INTIMATE PARTNER - SIMPLE ASSAULT,THREATENING PHONE CALLS/LETTERS,1
THREATENING PHONE CALLS/LETTERS,THREATENING PHONE CALLS/LETTERS,2
THROWING OBJECT AT MOVING VEHICLE,THREATENING PHONE CALLS/LETTERS,1
CHILD NEGLECT (SEE 300 W.I.C.),THROWING OBJECT AT MOVING VEHICLE,2
CHILD STEALING,THROWING OBJECT AT MOVING VEHICLE,13
"DEFRAUDING INNKEEPER/THEFT OF SERVICES, OVER $950.01",THROWING OBJECT AT MOVING VEHICLE,2
DOCUMENT WORTHLESS ($200 & UNDER),THROWING OBJECT AT MOVING VEHICLE,4
INTIMATE PARTNER - SIMPLE ASSAULT,THROWING OBJECT AT MOVING VEHICLE,9
KIDNAPPING - GRAND ATTEMPT,THROWING OBJECT AT MOVING VEHICLE,1
THEFT FROM MOTOR VEHICLE - PETTY ($950 & UNDER),THROWING OBJECT AT MOVING VEHICLE,8
THEFT PLAIN - ATTEMPT,THROWING OBJECT AT MOVING VEHICLE,1
THREATENING PHONE CALLS/LETTERS,THROWING OBJECT AT MOVING VEHICLE,19
THROWING OBJECT AT MOVING VEHICLE,THROWING OBJECT AT MOVING VEHICLE,45
TILL TAP - GRAND THEFT ($950.01 & OVER),THROWING OBJECT AT MOVING VEHICLE,5
THREATENING PHONE CALLS/LETTERS,TILL TAP - GRAND THEFT ($950.01 & OVER),1
